WB_1a_5X	EKDN230017525-1A_HCK5FDSX7_L3
WB_1b_5X	EKDN230017526-1A_HCK5FDSX7_L4
WB_1c_5X	EKDN230017527-1A_HCK5FDSX7_L4
WB_1d_5X	EKDN230017528-1A_HCK5FDSX7_L4
WB_1e_5X	EKDN230017529-1A_HCK5FDSX7_L4
WB_1f_5X	EKDN230017530-1A_HCK5FDSX7_L4
WB_1g_5X	EKDN230017531-1A_HCK5FDSX7_L4
WB_1h_5X	EKDN230017532-1A_HCK5FDSX7_L4
WB_1i_5X	EKDN230017533-1A_HCK5FDSX7_L4
WB_1j_5X	EKDN230017534-1A_HCK5FDSX7_L4
WB_1k_5X	EKDN230017535-1A_HCK5FDSX7_L4
WB_1l_5X	EKDN230017536-1A_HCK5FDSX7_L4
WB_2a_5X	EKDN230017537-1A_HCK5FDSX7_L4
WB_2b_5X	EKDN230017538-1A_HCK5FDSX7_L4
WB_2c_5X	EKDN230017539-1A_HCK5FDSX7_L4
WB_2d_5X	EKDN230017540-1A_HCK5FDSX7_L4
WB_2f_5X	EKDN230017541-1A_HCK5FDSX7_L4
WB_2g_5X	EKDN230017542-1A_HCK5FDSX7_L4
WB_2h_5X	EKDN230017543-1A_HCK5FDSX7_L4
WB_2i_5X	EKDN230017544-1A_HCK5FDSX7_L4
WB_2j_5X	EKDN230017545-1A_HCK5FDSX7_L3
WB_2k_5X	EKDN230017546-1A_HCK5FDSX7_L3
WB_2l_5X	EKDN230017547-1A_HCK5FDSX7_L3
WB_3k_5X	EKDN230017548-1A_HCK5FDSX7_L3
